ω-Y,Transfinite BMS,Note
"1,3","(0)(1')"
"1,3,2","(0)(1')(1)"
"1,3,2,4","(0)(1')(1)(2,1)"
"1,3,2,4,8","(0)(1')(1)(2,1,1)"
"1,3,2,4,8,16","(0)(1')(1)(2,1,1,1)"
"1,3,2,5","(0)(1')(1)(2,1')"
"1,3,2,5,3","(0)(1')(1)(2,1')(2)"
"1,3,2,5,3,6","(0)(1')(1)(2,1')(2)(3,1')"
"1,3,2,5,4","(0)(1')(1,1)"
"1,3,2,5,4,9","(0)(1')(1,1)(2,2,1')"
"1,3,2,5,4,9,8","(0)(1')(1,1,1)"
"1,3,3","(0)(1')(1')"
"1,3,3,2,5,5,4","(0)(1')(1')(1,1)"
"1,3,3,3","(0)(1')(1')(1')"
"1,3,4","(0)(1')(2)"
"1,3,4,2,5,6,5","(0)(1')(2)(1')"
"1,3,4,2,5,6,5,6","(0)(1')(2)(1')(2)"
"1,3,4,2,5,6,6","(0)(1')(2)(2)"
"1,3,4,2,5,6,7","(0)(1')(2)(3)"
"1,3,4,2,5,6,8","(0)(1')(2)(3,1)"
"1,3,4,2,5,6,9","(0)(1')(2)(3,1')"
"1,3,4,2,5,6,9,10,13","(0)(1')(2)(3,1')(4)(5,1')"
"1,3,4,2,5,7","(0)(1')(2,1)"
"1,3,4,2,5,7,4,9,11","(0)(1')(2,1)(1,1)(2,2,1')(3,1)"
"1,3,4,2,5,7,4,9,11,7","(0)(1')(2,1)(1,1)(2,2,1')(3,1)(2,2)"
"1,3,4,2,5,7,4,9,11,7,13","(0)(1')(2,1)(1,1)(2,2,1')(3,1)(2,2)(3,3,1')"
"1,3,4,2,5,7,4,9,11,8","(0)(1')(2,1)(1,1)(2,2,1')(3,1)(2,2,1)"
"1,3,4,2,5,7,4,9,11,9","(0)(1')(2,1)(1,1)(2,2,1')(3,1)(2,2,1')"
"1,3,4,2,5,7,4,9,11,9,11","(0)(1')(2,1)(1,1)(2,2,1')(3,1)(2,2,1')(3,1)"
"1,3,4,2,5,7,4,9,11,10","(0)(1')(2,1)(1,1)(2,2,1')(3,1)(3)"
"1,3,4,2,5,7,4,9,11,11","(0)(1')(2,1)(1,1)(2,2,1')(3,1)(3,1)"
"1,3,4,2,5,7,4,9,11,12","(0)(1')(2,1)(1,1)(2,2,1')(3,1)(4)"
"1,3,4,2,5,7,4,9,11,13","(0)(1')(2,1)(1,1)(2,2,1')(3,1)(4,1)"
"1,3,4,2,5,7,4,9,11,16","(0)(1')(2,1)(1,1)(2,2,1')(3,1)(4,2,1')"
"1,3,4,2,5,7,4,9,12","(0)(1')(2,1)(1,1)(2,2,1')(3,2)"
"1,3,4,2,5,7,4,9,12,9","(0)(1')(2,1)(1')"
"1,3,4,2,5,7,4,9,12,9,9","(0)(1')(2,1)(1')(1')"
"1,3,4,2,5,7,4,9,12,9,11","(0)(1')(2,1)(1')(2,1)"
"1,3,4,2,5,7,4,9,12,9,12,9","(0)(1')(2,1)(1')(2,1)(1')"
"1,3,4,2,5,7,4,9,12,9,12,9,12,9","(0)(1')(2,1)(1')(2,1)(1')(2,1)"
"1,3,4,2,5,7,4,9,12,10","(0)(1')(2,1)(2)"
"1,3,4,2,5,7,4,9,12,11","(0)(1')(2,1)(2,1)"
"1,3,4,2,5,7,4,9,12,12,9","(0)(1')(2,1)(2,1)(1')"
"1,3,4,2,5,7,4,9,12,13","(0)(1')(2,1)(3)"
"1,3,4,2,5,7,4,9,12,14","(0)(1')(2,1)(3,1)"
"1,3,4,2,5,7,4,9,12,14,4,9,12","(0)(1')(2,1)(3,1)(1,1)(2,2,1')(3,2)"
"1,3,4,2,5,7,4,9,12,14,4,9,12,9","(0)(1')(2,1)(3,1)(1,1)(2,2,1')(3,2)(2,2,1')"
"1,3,4,2,5,7,4,9,12,14,5","(0)(1')(2,1)(3,1)(1,1)(2,2,1')(3,2)(4,1)(2)"
"1,3,4,2,5,7,4,9,12,14,6","(0)(1')(2,1)(3,1)(1,1)(2,2,1')(3,2)(4,1)(2,1)"
"1,3,4,2,5,7,4,9,12,14,7","(0)(1')(2,1)(3,1)(1,1)(2,2,1')(3,2)(4,1)(2,2)"
"1,3,4,2,5,7,4,9,12,14,8","(0)(1')(2,1)(3,1)(1,1)(2,2,1')(3,2)(4,1)(2,2,1)"
"1,3,4,2,5,7,4,9,12,14,9","(0)(1')(2,1)(3,1)(1,1)(2,2,1')(3,2)(4,1)(2,2,1')"
"1,3,4,2,5,7,4,9,12,14,9,12,14","(0)(1')(2,1)(3,1)(1,1)(2,2,1')(3,2)(4,1)(2,2,1')(3,2)(4,1)"
"1,3,4,2,5,7,4,9,12,14,10","(0)(1')(2,1)(3,1)(1,1)(2,2,1')(3,2)(4,1)(3)"
"1,3,4,2,5,7,4,9,12,14,11","(0)(1')(2,1)(3,1)(1,1)(2,2,1')(3,2)(4,1)(3,1)"
"1,3,4,2,5,7,4,9,12,14,12","(0)(1')(2,1)(3,1)(1,1)(2,2,1')(3,2)(4,1)(3,2)"
"1,3,4,2,5,7,4,9,12,14,14","(0)(1')(2,1)(3,1)(1,1)(2,2,1')(3,2)(4,1)(4,1)"
"1,3,4,2,5,7,4,9,12,15","(0)(1')(2,1)(3,1)(1,1)(2,2,1')(3,2)(4,2)"
"1,3,4,2,5,7,4,9,12,15,8","(0)(1')(2,1)(3,1)(1,1,1)"
"1,3,4,2,5,7,4,9,12,15,9","(0)(1')(2,1)(3,1)(1')"
"1,3,4,2,5,7,4,9,12,16","(0)(1')(2,1)(3,2)"
"1,3,4,2,5,7,4,9,12,17","(0)(1')(2,1)(3,2,1)"
"1,3,4,2,5,7,4,9,12,18","(0)(1')(2,1)(3,2,1')"
"1,3,4,2,5,7,4,9,13","(0)(1')(2,1,1)"
"1,3,4,2,5,7,4,9,13,8,17","(0)(1')(2,1,1)(1,1,1)(2,2,2,1')"
"1,3,4,2,5,7,4,9,13,8,17,18","(0)(1')(2,1,1)(1,1,1)(2,2,2,1')(3)"
"1,3,4,2,5,7,4,9,13,8,17,19","(0)(1')(2,1,1)(1,1,1)(2,2,2,1')(3,1)"
"1,3,4,2,5,7,4,9,13,8,17,20","(0)(1')(2,1,1)(1,1,1)(2,2,2,1')(3,2)?"
"1,3,4,2,5,7,4,9,13,8,17,21","(0)(1')(2,1,1)(1,1,1)(2,2,2,1')(3,2,1)?"
"1,3,4,2,5,7,4,9,13,8,17,22","(0)(1')(2,1,1)(1,1,1)(2,2,2,1')(3,2,1)(4,3,2,1')(5,3)?"
"1,3,4,2,5,7,4,9,13,8,17,23","(0)(1')(2,1,1)(1,1,1)(2,2,2,1')(3,2,1)(4,3,2,1')(5,3,1)?"
"1,3,4,2,5,7,4,9,13,8,17,24","(0)(1')(2,1,1)(1,1,1)(2,2,2,1')(3,2,2)?"
"1,3,4,2,5,7,4,9,13,8,17,25","(0)(1')(2,1,1,1)"
"1,3,4,2,5,7,5","(0)(1')(2,1')"
"1,3,4,2,5,7,5,5","(0)(1')(2,1')(1')"
"1,3,4,2,5,7,5,7","(0)(1')(2,1')(1')(2,1)"
"1,3,4,2,5,7,5,7,4,9,13,9","(0)(1')(2,1')(1')(2,1')"
"1,3,4,2,5,7,5,7,4,9,13,9,12,9","(0)(1')(2,1')(1')(2,1')(1')(2,1)(1')"
"1,3,4,2,5,7,5,7,4,9,13,9,12,11","(0)(1')(2,1')(1')(2,1')(1')(2,1)(2,1)"
"1,3,4,2,5,7,5,7,4,9,13,9,12,15,9","(0)(1')(2,1')(1')(2,1')(1')(2,1)(3,1)(1')"
"1,3,4,2,5,7,5,7,4,9,13,9,12,18","(0)(1')(2,1')(1')(2,1')(1')(2,1)(3,2,1')"
"1,3,4,2,5,7,5,7,4,9,13,9,13","(0)(1')(2,1')(1')(2,1')(1')(2,1,1)"
"1,3,4,2,5,7,5,7,5","(0)(1')(2,1')(1')(2,1')(1')(2,1')"
"1,3,4,2,5,7,6","(0)(1')(2,1')(2)"
"1,3,4,2,5,7,7","(0)(1')(2,1')(2,1)"
"1,3,4,2,5,7,7,4,9,13,9","(0)(1')(2,1')(2,1)(1,1)(2,2,1')(3,2,1')(2,2,1')"
"1,3,4,2,5,7,7,4,9,13,11","(0)(1')(2,1')(2,1)(1,1)(2,2,1')(3,2,1')(2,2,1')(3,1)"
"1,3,4,2,5,7,7,4,9,13,12","(0)(1')(2,1')(2,1)(1,1)(2,2,1')(3,2,1')(2,2,1')(3,2)"
"1,3,4,2,5,7,7,4,9,13,12,9","(0)(1')(2,1')(2,1)(1')"
"1,3,4,2,5,7,7,4,9,13,12,9,13,12,9","(0)(1')(2,1')(2,1)(1')(2,1')(2,1)(1')"
"1,3,4,2,5,7,7,4,9,13,12,10","(0)(1')(2,1')(2,1)(2)"
"1,3,4,2,5,7,7,4,9,13,12,11","(0)(1')(2,1')(2,1)(2,1)"
"1,3,4,2,5,7,7,4,9,13,12,12,11","(0)(1')(2,1')(2,1)(2,1)(2,1)"
"1,3,4,2,5,7,7,4,9,13,12,13","(0)(1')(2,1')(2,1)(3)"
"1,3,4,2,5,7,7,4,9,13,12,14","(0)(1')(2,1')(2,1)(3,1)"
"1,3,4,2,5,7,7,4,9,13,12,15,9","(0)(1')(2,1')(2,1)(3,1)(1')"
"1,3,4,2,5,7,7,4,9,13,12,15,9","(0)(1')(2,1')(2,1)(3,1)(1')"
"1,3,4,2,5,7,7,4,9,13,12,15,15,9","(0)(1')(2,1')(2,1)(3,1)(3,1)(1')"
"1,3,4,2,5,7,7,4,9,13,12,15,16","(0)(1')(2,1')(2,1)(3,1)(4)"
"1,3,4,2,5,7,7,4,9,13,12,15,17","(0)(1')(2,1')(2,1)(3,1)(4,1)"
"1,3,4,2,5,7,7,4,9,13,12,15,18,9","(0)(1')(2,1')(2,1)(3,1)(4,1)(1')"
"1,3,4,2,5,7,7,4,9,13,12,16","(0)(1')(2,1')(2,1)(3,2)"
"1,3,4,2,5,7,7,4,9,13,12,17","(0)(1')(2,1')(2,1)(3,2,1)"
"1,3,4,2,5,7,7,4,9,13,12,18","(0)(1')(2,1')(2,1)(3,2,1')"
"1,3,4,2,5,7,7,4,9,13,12,18,20","(0)(1')(2,1')(2,1)(3,2,1')(4,1)"
"1,3,4,2,5,7,7,4,9,13,12,18,21,9","(0)(1')(2,1')(2,1)(3,2,1')(4,1)(1')"
"1,3,4,2,5,7,7,4,9,13,12,18,22","(0)(1')(2,1')(2,1)(3,2,1')(4,2)"
"1,3,4,2,5,7,7,4,9,13,12,18,23,9","(0)(1')(2,1')(2,1)(3,2,1')(4,2,1')"
"1,3,4,2,5,7,7,4,9,13,12,18,23,22","(0)(1')(2,1')(2,1)(3,2,1')(4,2,1')(4,2)"
"1,3,4,2,5,7,7,4,9,13,13","(0)(1')(2,1')(2,1,1)"
"1,3,4,2,5,7,7,5","(0)(1')(2,1')(2,1')"
"1,3,4,2,5,7,7,5,7,7,5","(0)(1')(2,1')(2,1')(1')(2,1')(2,1')"
"1,3,4,2,5,7,7,7","(0)(1')(2,1')(2,1')(2,1)"
"1,3,4,2,5,7,8","(0)(1')(2,1')(3)"
"1,3,4,2,5,7,9,4","(0)(1')(2,1')(3,1)(1,1)"
"1,3,4,2,5,7,9,4,9","(0)(1')(2,1')(3,1)(1,1)(2,2,1')"
"1,3,4,2,5,7,9,4,9,13","(0)(1')(2,1')(3,1)(1,1)(2,2,1')(3,2,1)"
"1,3,4,2,5,7,9,4,9,13,9","(0)(1')(2,1')(3,1)(1,1)(2,2,1')(3,2,1')"
"1,3,4,2,5,7,9,4,9,13,13,9","(0)(1')(2,1')(3,1)(1,1)(2,2,1')(3,2,1')(3,2,1')"
"1,3,4,2,5,7,9,4,9,13,15","(0)(1')(2,1')(3,1)(1,1)(2,2,1')(3,2,1')(4,1)"
"1,3,4,2,5,7,9,4,9,13,16","(0)(1')(2,1')(3,1)(1,1)(2,2,1')(3,2,1')(4,2)"
"1,3,4,2,5,7,9,4,9,13,17","(0)(1')(2,1')(3,1,1)"
"1,3,4,2,5,7,9,5","(0)(1')(2,1')(3,1')"
"1,3,4,2,5,7,9,7,5","(0)(1')(2,1')(3,1')(2,1')"
"1,3,4,2,5,7,9,9,5","(0)(1')(2,1')(3,1')(3,1')"
"1,3,4,2,5,7,9,11","(0)(1')(2,1')(3,1')(4,1)"
"1,3,4,2,5,7,9,11,5","(0)(1')(2,1')(3,1')(4,1')"
"1,3,4,2,5,7,10","(0)(1')(2,2)"
"1,3,4,2,5,7,10,4,9,13,9","(0)(1')(2,2)(1,1)(2,2,1')(3,2,1')"
"1,3,4,2,5,7,10,4,9,13,17,9","(0)(1')(2,2)(1,1)(2,2,1')(3,2,1')(4,2,1')"
"1,3,4,2,5,7,10,4,9,13,18","(0)(1')(2,2)(1,1)(2,2,1')(3,3)"
"1,3,4,2,5,7,10,4,9,13,18,8","(0)(1')(2,2)(1,1,1)","(0)(1')(2,2)(1,1)(2,2,1')(3,3)(2,2,1)"
"1,3,4,2,5,7,10,4,9,13,18,9","(0)(1')(2,2)(1')","(0)(1')(2,2)(1,1)(2,2,1')(3,3)(2,2,1')"
"1,3,4,2,5,7,10,4,9,13,18,9,13,18,9","(0)(1')(2,2)(1')(2,2)(1')","(0)(1')(2,2)(1,1)(2,2,1')(3,3)(2,2,1')(3,3)(2,2,1')"
"1,3,4,2,5,7,10,4,9,13,18,10","(0)(1')(2,2)(2)","(0)(1')(2,2)(1,1)(2,2,1')(3,3)(3)"
"1,3,4,2,5,7,10,4,9,13,18,11","(0)(1')(2,2)(2,1)","(0)(1')(2,2)(1,1)(2,2,1')(3,3)(3,1)"
"1,3,4,2,5,7,10,4,9,13,18,13,9","(0)(1')(2,2)(2,1')","(0)(1')(2,2)(1,1)(2,2,1')(3,3)(3,2,1')"
"1,3,4,2,5,7,10,4,9,13,18,13,17,9","(0)(1')(2,2)(2,1')(3,1')","(0)(1')(2,2)(1,1)(2,2,1')(3,3)(3,2,1')(4,2,1')"
"1,3,4,2,5,7,10,4,9,13,18,13,18","(0)(1')(2,2)(2,1')(3,2)","(0)(1')(2,2)(1,1)(2,2,1')(3,3)(3,2,1')(4,3)"
"1,3,4,2,5,7,10,4,9,13,18,14","(0)(1')(2,2)(2,1')(3,2)(3)","(0)(1')(2,2)(1,1)(2,2,1')(3,3)(3,2,1')(4,3)(4)"
"1,3,4,2,5,7,10,4,9,13,18,15","(0)(1')(2,2)(2,1')(3,2)(3,1)","(0)(1')(2,2)(1,1)(2,2,1')(3,3)(3,2,1')(4,3)(4,1)"
"1,3,4,2,5,7,10,4,9,13,18,17,9","(0)(1')(2,2)(2,1')(3,2)(3,1')","(0)(1')(2,2)(1,1)(2,2,1')(3,3)(3,2,1')(4,3)(4,2,1')"
"1,3,4,2,5,7,10,4,9,13,18,18","(0)(1')(2,2)(2,2)","(0)(1')(2,2)(1,1)(2,2,1')(3,3)(3,3)"
"1,3,4,2,5,7,10,4,9,13,18,19","(0)(1')(2,2)(3)","(0)(1')(2,2)(1,1)(2,2,1')(3,3)(4)"
"1,3,4,2,5,7,10,4,9,13,18,20","(0)(1')(2,2)(3,1)","(0)(1')(2,2)(1,1)(2,2,1')(3,3)(4,1)"
"1,3,4,2,5,7,10,4,9,13,18,22,9","(0)(1')(2,2)(3,1')","(0)(1')(2,2)(1,1)(2,2,1')(3,3)(4,2,1')"
"1,3,4,2,5,7,10,4,9,13,18,22,27","(0)(1')(2,2)(3,1')(4,2)","(0)(1')(2,2)(1,1)(2,2,1')(3,3)(4,2,1')(5,3)"
"1,3,4,2,5,7,10,4,9,13,18,22,27,31,36","(0)(1')(2,2)(3,1')(4,2)(5,1')(6,2)","(0)(1')(2,2)(1,1)(2,2,1')(3,3)(4,2,1')(5,3)(6,2,1')(7,2)"
"1,3,4,2,5,7,10,4,9,13,18,23","(0)(1')(2,2)(3,2)","(0)(1')(2,2)(1,1)(2,2,1')(3,3)(4,3)"
"1,3,4,2,5,7,10,4,9,13,18,24","(0)(1')(2,2)(3,3)","(0)(1')(2,2)(1,1)(2,2,1')(3,3)(4,4)"
"1,3,4,2,5,7,10,4,9,13,18,25","(0)(1')(2,2)(3,3,1)","(0)(1')(2,2)(1,1)(2,2,1')(3,3)(4,4,1)"
"1,3,4,2,5,7,10,4,9,13,18,26","(0)(1')(2,2)(3,3,1')","(0)(1')(2,2)(1,1)(2,2,1')(3,3)(4,4,1')"
"1,3,4,2,5,7,10,4,9,13,19","(0)(1')(2,2,1)","(0)(1')(2,2)(1,1)(2,2,1')(3,3,1)"
"1,3,4,2,5,7,10,4,9,13,19,9","(0)(1')(2,2,1')","(0)(1')(2,2)(1,1)(2,2,1')(3,3,1')"
"1,3,4,2,5,7,10,4,9,13,19,20","(0)(1')(2,2,1')(3)","(0)(1')(2,2)(1,1)(2,2,1')(3,3,1')(4)"
"1,3,4,2,5,7,10,4,9,13,19,21","(0)(1')(2,2,1')(3,1)","(0)(1')(2,2)(1,1)(2,2,1')(3,3,1')(4,1)"
"1,3,4,2,5,7,10,4,9,13,19,23,9","(0)(1')(2,2,1')(3,1')","(0)(1')(2,2)(1,1)(2,2,1')(3,3,1')(4,2,1')"
"1,3,4,2,5,7,10,4,9,13,19,24","(0)(1')(2,2,1')(3,2)"
"1,3,4,2,5,7,10,4,9,13,19,25","(0)(1')(2,2,1')(3,2,1)"
"1,3,4,2,5,7,10,4,9,13,19,25,9","(0)(1')(2,2,1')(3,2,1')","(0)(1')(2,2)(1,1)(2,2,1')(3,3,1')(4,3,1')"
"1,3,4,2,5,7,10,4,9,13,19,27,9","(0)(1')(2,2,1')(3,3,1')","(0)(1')(2,2)(1,1)(2,2,1')(3,3,1')(4,4,1')"
"1,3,4,2,5,7,10,4,9,13,20","(0)(1')(2,2,2)"
"1,3,4,2,5,7,10,4,9,13,20,8,17,25,40","(0)(1')(2,2,2,2)"
"1,3,4,2,5,7,10,5","(0)(1')(2')"
"1,3,4,2,5,7,10,5,10,5","(0)(1')(2')(1')(2')"
"1,3,4,2,5,7,10,7,5","(0)(1')(2')(2,1')"
"1,3,4,2,5,7,10,7,9,5","(0)(1')(2')(2,1')(3,1')"
"1,3,4,2,5,7,10,7,10","(0)(1')(2')(2,1')(3,2)"
"1,3,4,2,5,7,10,7,10,5","(0)(1')(2')(2,1')(3,2')"
"1,3,4,2,5,7,10,9,5","(0)(1')(2')(2,1')(3,2')(3,1')"
"1,3,4,2,5,7,10,9,12,5","(0)(1')(2')(2,1')(3,2')(3,1')(4,2')"
"1,3,4,2,5,7,10,10","(0)(1')(2')(2,2)"
"1,3,4,2,5,7,10,11","(0)(1')(2')(3)"
"1,3,4,2,5,7,10,12","(0)(1')(2')(3,1)"
"1,3,4,2,5,7,10,12,5","(0)(1')(2')(3,1')"
"1,3,4,2,5,7,10,13","(0)(1')(2')(3,2)"
"1,3,4,2,5,7,10,13,5","(0)(1')(2')(3,2')"
"1,3,4,2,5,7,10,14","(0)(1')(2')(3,3)"
"1,3,4,2,5,7,10,14,5","(0)(1')(2')(3')"
"1,3,4,2,5,7,11","(0)(1',1)"
"1,3,4,2,5,7,11,5","(0)(1',1)(1')"
"1,3,4,2,5,7,11,5,7","(0)(1',1)(1')(2,1)"
"1,3,4,2,5,7,11,5,7,5","(0)(1',1)(1')(2,1')"
"1,3,4,2,5,7,11,5,7,10","(0)(1',1)(1')(2,2)"
"1,3,4,2,5,7,11,5,7,10,5","(0)(1',1)(1')(2')"
"1,3,4,2,5,7,11,5,7,11","(0)(1',1)(1')(2',1)"
"1,3,4,2,5,7,11,6","(0)(1',1)(1')(2',1)(2)"
"1,3,4,2,5,7,11,7","(0)(1',1)(1')(2',1)(2,1)"
"1,3,4,2,5,7,11,7,5","(0)(1',1)(1')(2',1)(2,1')"
"1,3,4,2,5,7,11,10","(0)(1',1)(1')(2',1)(2,2)"
"1,3,4,2,5,7,11,10,12,5","(0)(1',1)(1')(2',1)(2')(3,1')"
"1,3,4,2,5,7,11,10,13,5","(0)(1',1)(1')(2',1)(2')(3,2')"
"1,3,4,2,5,7,11,10,14","(0)(1',1)(1')(2',1)(2')(3,2',1)"
"1,3,4,2,5,7,11,11","(0)(1',1)(1',1)"
"1,3,4,2,5,7,11,12","(0)(1',1)(2)"
"1,3,4,2,5,7,11,13","(0)(1',1)(2,1)"
"1,3,4,2,5,7,11,13,5","(0)(1',1)(2,1')"
"1,3,4,2,5,7,11,13,15,5","(0)(1',1)(2,1')(3,1')"
"1,3,4,2,5,7,11,13,16","(0)(1',1)(2,1')(3,2)"
"1,3,4,2,5,7,11,13,16,5","(0)(1',1)(2,1')(3,2')"
"1,3,4,2,5,7,11,13,17","(0)(1',1)(2,1')(3,2',1)"
"1,3,4,2,5,7,11,13,17,19,5","(0)(1',1)(2,1')(3,2',1)(4,1')"
"1,3,4,2,5,7,11,14","(0)(1',1)(2,1')(3,2',1)(4,2)"
"1,3,4,2,5,7,11,14,19","(0)(1',1)(2,1')(3,2',1)(4,2')(5,3',1')"
"1,3,4,2,5,7,11,15","(0)(1',1)(2,1',1)"
"1,3,4,2,5,7,11,15,17","(0)(1',1)(2,1',1)(3,1)"
"1,3,4,2,5,7,11,15,17,5","(0)(1',1)(2,1',1)(3,1')"
"1,3,4,2,5,7,11,15,17,19,5","(0)(1',1)(2,1',1)(3,1')(4,1')"
"1,3,4,2,5,7,11,15,17,20,5","(0)(1',1)(2,1',1)(3,1')(4,2')"
"1,3,4,2,5,7,11,15,17,21","(0)(1',1)(2,1',1)(3,1')(4,2',1)"
"1,3,4,2,5,7,11,15,17,21,25","(0)(1',1)(2,1',1)(3,1')(4,2',1)(5,2',1)"
"1,3,4,2,5,7,11,15,18","(0)(1',1)(2,1',1)(3,1')(4,2',1)(5,2',1)(6,2)"
"1,3,4,2,5,7,11,15,18,5","(0)(1',1)(2,1',1)(3,1')(4,2',1)(5,2',1)(6,2')"
"1,3,4,2,5,7,11,15,18,23","(0)(1',1)(2,1',1)(3,1')(4,2',1)(5,2',1)(6,2')(7,3',1)"
"1,3,4,2,5,7,11,15,19","(0)(1',1)(2,1',1)(3,1',1)"
"1,3,4,2,5,7,11,16","(0)(1',1)(2,2)"
"1,3,4,2,5,7,11,16,5","(0)(1',1)(2')"
"1,3,4,2,5,7,11,16,18","(0)(1',1)(2')(3,1)"
"1,3,4,2,5,7,11,16,18,22","(0)(1',1)(2')(3,1')(4,2',1)"
"1,3,4,2,5,7,11,16,18,22,27,5","(0)(1',1)(2')(3,1')(4,2',1)(5,3')"
"1,3,4,2,5,7,11,16,18,22,27,5","(0)(1',1)(2')(3,1')(4,2',1)(5,3')"
"1,3,4,2,5,7,11,16,19","(0)(1',1)(2')(3,1')(4,2',1)(5,3')(6,2)"
"1,3,4,2,5,7,11,16,19,5","(0)(1',1)(2')(3,1')(4,2',1)(5,3')(6,2')"
"1,3,4,2,5,7,11,16,20","(0)(1',1)(2')(3,1',1)"
"1,3,4,2,5,7,11,16,20,24","(0)(1',1)(2')(3,1',1)(4,1',1)"
"1,3,4,2,5,7,11,16,20,25,5","(0)(1',1)(2')(3,1',1)(4,2')"
"1,3,4,2,5,7,11,16,20,25,5","(0)(1',1)(2')(3,1',1)(4,2')"
"1,3,4,2,5,7,11,16,20,25,29,34,5","(0)(1',1)(2')(3,1',1)(4,2')(5,1',1)(6,2')"
"1,3,4,2,5,7,11,16,21","(0)(1',1)(2')(3,2)"
"1,3,4,2,5,7,11,16,21,5","(0)(1',1)(2')(3,2')"
"1,3,4,2,5,7,11,16,21,25","(0)(1',1)(2')(3,2')(4,1',1)"
"1,3,4,2,5,7,11,16,21,26","(0)(1',1)(2')(3,2')(4,2)"
"1,3,4,2,5,7,11,16,22","(0)(1',1)(2')(3,3)"
"1,3,4,2,5,7,11,16,22,29","(0)(1',1)(2')(3')(4,4)"
"1,3,4,2,5,7,11,16,23","(0)(1',1)(2')(3',1)"
"1,3,4,2,5,7,11,16,23,31","(0)(1',1)(2')(3',1)(4')"
"1,3,4,2,5,7,11,17","(0)(1',1)(2',1)"
"1,3,4,2,5,7,11,17,19","(0)(1',1)(2',1)(3,1)"
"1,3,4,2,5,7,11,17,19,5","(0)(1',1)(2',1)(3,1')"
"1,3,4,2,5,7,11,17,19,21,5","(0)(1',1)(2',1)(3,1')(4,1')"
"1,3,4,2,5,7,11,17,19,22","(0)(1',1)(2',1)(3,1')(4,2)"
"1,3,4,2,5,7,11,17,19,23","(0)(1',1)(2',1)(3,1')(4,2',1)"
"1,3,4,2,5,7,11,17,19,23,25,5","(0)(1',1)(2',1)(3,1')(4,2',1)(5,1')"
"1,3,4,2,5,7,11,17,19,23,26,5","(0)(1',1)(2',1)(3,1')(4,2',1)(5,2')"
"1,3,4,2,5,7,11,17,19,23,27","(0)(1',1)(2',1)(3,1')(4,2',1)(5,2',1)"
"1,3,4,2,5,7,11,17,19,23,28,5","(0)(1',1)(2',1)(3,1')(4,2',1)(5,3')"
"1,3,4,2,5,7,11,17,19,23,29","(0)(1',1)(2',1)(3,1')(4,2',1)(5,3',1)"
"1,3,4,2,5,7,11,17,20","(0)(1',1)(2',1)(3,1')(4,2',1)(5,3',1)(6,2)"
"1,3,4,2,5,7,11,17,20,5","(0)(1',1)(2',1)(3,1')(4,2',1)(5,3',1)(6,2')"
"1,3,4,2,5,7,11,17,20,21","(0)(1',1)(2',1)(3,1')(4,2',1)(5,3',1)(6,2')(7)"
"1,3,4,2,5,7,11,17,20,22,5","(0)(1',1)(2',1)(3,1')(4,2',1)(5,3',1)(6,2')(7,1')"
"1,3,4,2,5,7,11,17,20,23","(0)(1',1)(2',1)(3,1')(4,2',1)(5,3',1)(6,2')(7,2)"
"1,3,4,2,5,7,11,17,20,23,26","(0)(1',1)(2',1)(3,1')(4,2',1)(5,3',1)(6,2')(7,2')(8,2')"
"1,3,4,2,5,7,11,17,20,24,5","(0)(1',1)(2',1)(3,1')(4,2',1)(5,3',1)(6,2')(7,3')"
"1,3,4,2,5,7,11,17,20,25","(0)(1',1)(2',1)(3,1')(4,2',1)(5,3',1)(6,2')(7,3',1)"
"1,3,4,2,5,7,11,17,20,25,32","(0)(1',1)(2',1)(3,1')(4,2',1)(5,3',1)(6,2')(7,3',1)(8,4',1)"
"1,3,4,2,5,7,11,17,21","(0)(1',1)(2',1)(3,1',1)"
"1,3,4,2,5,7,11,17,21,25","(0)(1',1)(2',1)(3,1',1)(4,1',1)"
"1,3,4,2,5,7,11,17,21,26","(0)(1',1)(2',1)(3,1',1)(4,2)"
"1,3,4,2,5,7,11,17,21,26,5","(0)(1',1)(2',1)(3,1',1)(4,2')"
"1,3,4,2,5,7,11,17,21,26,30","(0)(1',1)(2',1)(3,1',1)(4,2')(5,1',1)"
"1,3,4,2,5,7,11,17,21,26,31,5","(0)(1',1)(2',1)(3,1',1)(4,2')(5,2')"
"1,3,4,2,5,7,11,17,21,26,32,5","(0)(1',1)(2',1)(3,1',1)(4,2')(5,3')"
"1,3,4,2,5,7,11,17,21,26,33","(0)(1',1)(2',1)(3,1',1)(4,2')(5,3',1)"
"1,3,4,2,5,7,11,17,21,26,33,42","(0)(1',1)(2',1)(3,1',1)(4,2')(5,3',1)(6,4',1)"
"1,3,4,2,5,7,11,17,21,26,33,42,49","(0)(1',1)(2',1)(3,1',1)(4,2')(5,3',1)(6,4',1)(7,4',1)"
"1,3,4,2,5,7,11,17,21,27","(0)(1',1)(2',1)(3,1',1)(4,2',1)"
"1,3,4,2,5,7,11,17,22","(0)(1',1)(2',1)(3,2)"
"1,3,4,2,5,7,11,17,22,5","(0)(1',1)(2',1)(3,2')"
"1,3,4,2,5,7,11,17,22,24,5","(0)(1',1)(2',1)(3,2')(4,1')"
"1,3,4,2,5,7,11,17,22,24,28","(0)(1',1)(2',1)(3,2')(4,1')(5,2',1)"
"1,3,4,2,5,7,11,17,22,24,28,34","(0)(1',1)(2',1)(3,2')(4,1')(5,2',1)(6,3',1)"
"1,3,4,2,5,7,11,17,22,24,28,34,35","(0)(1',1)(2',1)(3,2')(4,1')(5,2',1)(6,3',1)(7)"
"1,3,4,2,5,7,11,17,22,24,28,34,36,5","(0)(1',1)(2',1)(3,2')(4,1')(5,2',1)(6,3',1)(7,1')"
"1,3,4,2,5,7,11,17,22,24,28,34,37,5","(0)(1',1)(2',1)(3,2')(4,1')(5,2',1)(6,3',1)(7,2')"
"1,3,4,2,5,7,11,17,22,24,28,34,38","(0)(1',1)(2',1)(3,2')(4,1')(5,2',1)(6,3',1)(7,2',1)"
"1,3,4,2,5,7,11,17,22,24,28,34,39,5","(0)(1',1)(2',1)(3,2')(4,1')(5,2',1)(6,3',1)(7,3')"
"1,3,4,2,5,7,11,17,22,24,28,34,39,41","(0)(1',1)(2',1)(3,2')(4,1')(5,2',1)(6,3',1)(7,3')(8,1')"
"1,3,4,2,5,7,11,17,22,25","(0)(1',1)(2',1)(3,2')(4,1')(5,2',1)(6,3',1)(7,3')(8,2)"
"1,3,4,2,5,7,11,17,22,25,5","(0)(1',1)(2',1)(3,2')(4,1')(5,2',1)(6,3',1)(7,3')(8,2')"
"1,3,4,2,5,7,11,17,22,25,30","(0)(1',1)(2',1)(3,2')(4,1')(5,2',1)(6,3',1)(7,3')(8,2')(9,3',1)"
"1,3,4,2,5,7,11,17,22,25,30,37","(0)(1',1)(2',1)(3,2')(4,1')(5,2',1)(6,3',1)(7,3')(8,2')(9,3',1)(10,4',1)"
"1,3,4,2,5,7,11,17,22,25,30,37,38","(0)(1',1)(2',1)(3,2')(4,1')(5,2',1)(6,3',1)(7,3')(8,2')(9,3',1)(10,4',1)(11)"
"1,3,4,2,5,7,11,17,22,25,30,37,39,5","(0)(1',1)(2',1)(3,2')(4,1')(5,2',1)(6,3',1)(7,3')(8,2')(9,3',1)(10,4',1)(11,1')"
"1,3,4,2,5,7,11,17,22,25,30,37,40,5","(0)(1',1)(2',1)(3,2')(4,1')(5,2',1)(6,3',1)(7,3')(8,2')(9,3',1)(10,4',1)(11,2')"
"1,3,4,2,5,7,11,17,22,25,30,37,41,5","(0)(1',1)(2',1)(3,2')(4,1')(5,2',1)(6,3',1)(7,3')(8,2')(9,3',1)(10,4',1)(11,3')"
"1,3,4,2,5,7,11,17,22,25,30,37,42","(0)(1',1)(2',1)(3,2')(4,1')(5,2',1)(6,3',1)(7,3')(8,2')(9,3',1)(10,4',1)(11,3',1)"
"1,3,4,2,5,7,11,17,22,25,30,37,43,5","(0)(1',1)(2',1)(3,2')(4,1')(5,2',1)(6,3',1)(7,3')(8,2')(9,3',1)(10,4',1)(11,4')"
"1,3,4,2,5,7,11,17,22,25,30,37,43,47,53,61,68,5","(0)(1',1)(2',1)(3,2')(4,1')(5,2',1)(6,3',1)(7,3')(8,2')(9,3',1)(10,4',1)(11,4')(12,3')(13,4',1)(14,5',1)(15,5')"
"1,3,4,2,5,7,11,17,22,26","(0)(1',1)(2',1)(3,2')(4,1',1)"
"1,3,4,2,5,7,11,17,22,26,32","(0)(1',1)(2',1)(3,2')(4,1',1)(5,1',1)"
"1,3,4,2,5,7,11,17,22,26,32,37,5","(0)(1',1)(2',1)(3,2')(4,1',1)(5,1',1)(6,2')"
"1,3,4,2,5,7,11,17,22,27","(0)(1',1)(2',1)(3,2')(4,2)"
"1,3,4,2,5,7,11,17,22,27,5","(0)(1',1)(2',1)(3,2')(4,2')"
"1,3,4,2,5,7,11,17,22,27,32,5","(0)(1',1)(2',1)(3,2')(4,2')(5,2')"
"1,3,4,2,5,7,11,17,22,28","(0)(1',1)(2',1)(3,2')(4,3)"
"1,3,4,2,5,7,11,17,22,28,5","(0)(1',1)(2',1)(3,2')(4,3')"
"1,3,4,2,5,7,11,17,22,29","(0)(1',1)(2',1)(3,2')(4,3',1)"
"1,3,4,2,5,7,11,17,23","(0)(1',1)(2',1)(3,2',1)"
"1,3,4,2,5,7,11,17,23,29","(0)(1',1)(2',1)(3,2',1)(4,2',1)"
"1,3,4,2,5,7,11,17,24,5","(0)(1',1)(2',1)(3')"
"1,3,4,2,5,7,11,17,25","(0)(1',1)(2',1)(3',1)"
"1,3,4,2,5,7,11,17,25,35","(0)(1',1)(2',1)(3',1)(4',1)"
"1,3,4,2,5,7,11,18","(0)(1',1)(2',2)"